Type,EDI_Std_Nomenclature,AISC_Manual_Label,T_F,W,A,d,Ht,h,OD,bf,B,b,ID,tw,tf,t,tnom,tdes,kdes,x,y,eo,xp,yp,bf/2tf,b/t,b/tdes,h/tw,h/tdes,D/t,Ix,Zx,Sx,rx,Iy,Zy,Sy,ry,Iz,rz,Sz,J
W,W44X335,W44X335,F,335,98.5,44,–,–,–,15.9,–,–,–,1.03,1.77,–,–,–,2.56,–,–,–,–,–,4.5,–,–,38,–,–,31100,1620,1410,17.8,1200,236,150,3.49,–,–,–,74.7
W,W44X290,W44X290,F,290,85.4,43.6,–,–,–,15.8,–,–,–,0.865,1.58,–,–,–,2.36,–,–,–,–,–,5.02,–,–,45,–,–,27000,1410,1240,17.8,1040,205,132,3.49,–,–,–,50.9
W,W44X262,W44X262,F,262,77.2,43.3,–,–,–,15.8,–,–,–,0.785,1.42,–,–,–,2.2,–,–,–,–,–,5.57,–,–,49.6,–,–,24100,1270,1110,17.7,923,182,117,3.47,–,–,–,37.3
W,W44X230,W44X230,F,230,67.8,42.9,–,–,–,15.8,–,–,–,0.71,1.22,–,–,–,2.01,–,–,–,–,–,6.45,–,–,54.8,–,–,20800,1100,971,17.5,796,157,101,3.43,–,–,–,24.9
W,W40X655,W40X655,T,655,193,43.6,–,–,–,16.9,–,–,–,1.97,3.54,–,–,–,4.72,–,–,–,–,–,2.39,–,–,17.3,–,–,56500,3080,2590,17.1,2870,542,340,3.86,–,–,–,589
W,W40X593,W40X593,T,593,174,43,–,–,–,16.7,–,–,–,1.79,3.23,–,–,–,4.41,–,–,–,–,–,2.58,–,–,19.1,–,–,50400,2760,2340,17,2520,481,302,3.8,–,–,–,445
W,W40X503,W40X503,T,503,148,42.1,–,–,–,16.4,–,–,–,1.54,2.76,–,–,–,3.94,–,–,–,–,–,2.98,–,–,22.3,–,–,41600,2320,1980,16.8,2040,394,249,3.72,–,–,–,277
W,W40X431,W40X431,T,431,127,41.3,–,–,–,16.2,–,–,–,1.34,2.36,–,–,–,3.54,–,–,–,–,–,3.44,–,–,25.5,–,–,34800,1960,1690,16.6,1690,328,208,3.65,–,–,–,177
W,W40X397,W40X397,T,397,117,41,–,–,–,16.1,–,–,–,1.22,2.2,–,–,–,3.38,–,–,–,–,–,3.66,–,–,28,–,–,32000,1800,1560,16.6,1540,300,191,3.64,–,–,–,142
W,W40X372,W40X372,T,372,110,40.6,–,–,–,16.1,–,–,–,1.16,2.05,–,–,–,3.23,–,–,–,–,–,3.93,–,–,29.5,–,–,29600,1680,1460,16.5,1420,277,177,3.6,–,–,–,116
W,W40X362,W40X362,T,362,106,40.6,–,–,–,16,–,–,–,1.12,2.01,–,–,–,3.19,–,–,–,–,–,3.99,–,–,30.5,–,–,28900,1640,1420,16.5,1380,270,173,3.6,–,–,–,109
W,W40X324,W40X324,F,324,95.3,40.2,–,–,–,15.9,–,–,–,1,1.81,–,–,–,2.99,–,–,–,–,–,4.4,–,–,34.2,–,–,25600,1460,1280,16.4,1220,239,153,3.58,–,–,–,79.4
W,W40X297,W40X297,F,297,87.3,39.8,–,–,–,15.8,–,–,–,0.93,1.65,–,–,–,2.83,–,–,–,–,–,4.8,–,–,36.8,–,–,23200,1330,1170,16.3,1090,215,138,3.54,–,–,–,61.2
W,W40X277,W40X277,F,277,81.5,39.7,–,–,–,15.8,–,–,–,0.83,1.58,–,–,–,2.76,–,–,–,–,–,5.03,–,–,41.2,–,–,21900,1250,1100,16.4,1040,204,132,3.58,–,–,–,51.5
W,W40X249,W40X249,F,249,73.5,39.4,–,–,–,15.8,–,–,–,0.75,1.42,–,–,–,2.6,–,–,–,–,–,5.55,–,–,45.6,–,–,19600,1120,993,16.3,926,182,118,3.55,–,–,–,38.1
W,W40X215,W40X215,F,215,63.5,39,–,–,–,15.8,–,–,–,0.65,1.22,–,–,–,2.4,–,–,–,–,–,6.45,–,–,52.6,–,–,16700,964,859,16.2,803,156,101,3.54,–,–,–,24.8
W,W40X199,W40X199,F,199,58.8,38.7,–,–,–,15.8,–,–,–,0.65,1.07,–,–,–,2.25,–,–,–,–,–,7.39,–,–,52.6,–,–,14900,869,770,16,695,137,88.2,3.45,–,–,–,18.3
W,W40X392,W40X392,T,392,116,41.6,–,–,–,12.4,–,–,–,1.42,2.52,–,–,–,3.7,–,–,–,–,–,2.45,–,–,24.1,–,–,29900,1710,1440,16.1,803,212,130,2.64,–,–,–,172
W,W40X331,W40X331,T,331,97.7,40.8,–,–,–,12.2,–,–,–,1.22,2.13,–,–,–,3.31,–,–,–,–,–,2.86,–,–,28,–,–,24700,1430,1210,15.9,644,172,106,2.57,–,–,–,105
W,W40X327,W40X327,T,327,95.9,40.8,–,–,–,12.1,–,–,–,1.18,2.13,–,–,–,3.31,–,–,–,–,–,2.85,–,–,29,–,–,24500,1410,1200,16,640,170,105,2.58,–,–,–,103
W,W40X294,W40X294,F,294,86.2,40.4,–,–,–,12,–,–,–,1.06,1.93,–,–,–,3.11,–,–,–,–,–,3.11,–,–,32.2,–,–,21900,1270,1080,15.9,562,150,93.5,2.55,–,–,–,76.6
W,W40X278,W40X278,F,278,82.3,40.2,–,–,–,12,–,–,–,1.03,1.81,–,–,–,2.99,–,–,–,–,–,3.31,–,–,33.3,–,–,20500,1190,1020,15.8,521,140,87.1,2.52,–,–,–,65
W,W40X264,W40X264,F,264,77.4,40,–,–,–,11.9,–,–,–,0.96,1.73,–,–,–,2.91,–,–,–,–,–,3.45,–,–,35.6,–,–,19400,1130,971,15.8,493,132,82.6,2.52,–,–,–,56.1
W,W40X235,W40X235,F,235,69.1,39.7,–,–,–,11.9,–,–,–,0.83,1.58,–,–,–,2.76,–,–,–,–,–,3.77,–,–,41.2,–,–,17400,1010,875,15.9,444,118,74.6,2.54,–,–,–,41.3
W,W40X211,W40X211,F,211,62.1,39.4,–,–,–,11.8,–,–,–,0.75,1.42,–,–,–,2.6,–,–,–,–,–,4.17,–,–,45.6,–,–,15500,906,786,15.8,390,105,66.1,2.51,–,–,–,30.4
W,W40X183,W40X183,F,183,53.3,39,–,–,–,11.8,–,–,–,0.65,1.2,–,–,–,2.38,–,–,–,–,–,4.92,–,–,52.6,–,–,13200,774,675,15.7,331,88.3,56,2.49,–,–,–,19.3
W,W40X167,W40X167,F,167,49.3,38.6,–,–,–,11.8,–,–,–,0.65,1.03,–,–,–,2.21,–,–,–,–,–,5.76,–,–,52.6,–,–,11600,693,600,15.3,283,76,47.9,2.4,–,–,–,14
W,W40X149,W40X149,F,149,43.8,38.2,–,–,–,11.8,–,–,–,0.63,0.83,–,–,–,2.01,–,–,–,–,–,7.11,–,–,54.3,–,–,9800,598,513,15,229,62.2,38.8,2.29,–,–,–,9.36
W,W36X925,W36X925,T,925,272,43.1,–,–,–,18.6,–,–,–,3.02,4.53,–,–,–,5.28,–,–,–,–,–,2.05,–,–,10.8,–,–,73000,4130,3390,16.4,4940,862,531,4.26,–,–,–,1430
W,W36X853,W36X853,T,853,251,43.1,–,–,–,18.2,–,–,–,2.52,4.53,–,–,–,5.28,–,–,–,–,–,2.01,–,–,12.9,–,–,70000,3920,3250,16.7,4600,805,505,4.28,–,–,–,1240
W,W36X802,W36X802,T,802,236,42.6,–,–,–,18,–,–,–,2.38,4.29,–,–,–,5.04,–,–,–,–,–,2.1,–,–,13.7,–,–,64800,3660,3040,16.6,4210,744,468,4.22,–,–,–,1050
W,W36X723,W36X723,T,723,213,41.8,–,–,–,17.8,–,–,–,2.17,3.9,–,–,–,4.65,–,–,–,–,–,2.28,–,–,15,–,–,57300,3270,2740,16.4,3700,658,416,4.17,–,–,–,785
W,W36X652,W36X652,T,652,192,41.1,–,–,–,17.6,–,–,–,1.97,3.54,–,–,–,4.49,–,–,–,–,–,2.48,–,–,16.3,–,–,50600,2910,2460,16.2,3230,581,367,4.1,–,–,–,593
W,W36X529,W36X529,T,529,156,39.8,–,–,–,17.2,–,–,–,1.61,2.91,–,–,–,3.86,–,–,–,–,–,2.96,–,–,19.9,–,–,39600,2330,1990,16,2490,454,289,4,–,–,–,327
W,W36X487,W36X487,T,487,143,39.3,–,–,–,17.1,–,–,–,1.5,2.68,–,–,–,3.63,–,–,–,–,–,3.19,–,–,21.4,–,–,36000,2130,1830,15.8,2250,412,263,3.96,–,–,–,258
W,W36X441,W36X441,T,441,130,38.9,–,–,–,17,–,–,–,1.36,2.44,–,–,–,3.39,–,–,–,–,–,3.48,–,–,23.6,–,–,32100,1910,1650,15.7,1990,368,235,3.92,–,–,–,194
W,W36X395,W36X395,T,395,116,38.4,–,–,–,16.8,–,–,–,1.22,2.2,–,–,–,3.15,–,–,–,–,–,3.83,–,–,26.3,–,–,28500,1710,1490,15.7,1750,325,208,3.88,–,–,–,142
W,W36X361,W36X361,T,361,106,38,–,–,–,16.7,–,–,–,1.12,2.01,–,–,–,2.96,–,–,–,–,–,4.16,–,–,28.6,–,–,25700,1550,1350,15.6,1570,293,188,3.85,–,–,–,109
W,W36X330,W36X330,F,330,96.9,37.7,–,–,–,16.6,–,–,–,1.02,1.85,–,–,–,2.8,–,–,–,–,–,4.49,–,–,31.4,–,–,23300,1410,1240,15.5,1420,265,171,3.83,–,–,–,84.3
W,W36X302,W36X302,F,302,89,37.3,–,–,–,16.7,–,–,–,0.945,1.68,–,–,–,2.63,–,–,–,–,–,4.96,–,–,33.9,–,–,21100,1280,1130,15.4,1300,241,156,3.82,–,–,–,64.3
W,W36X282,W36X282,F,282,82.9,37.1,–,–,–,16.6,–,–,–,0.885,1.57,–,–,–,2.52,–,–,–,–,–,5.29,–,–,36.2,–,–,19600,1190,1050,15.4,1200,223,144,3.8,–,–,–,52.7
W,W36X262,W36X262,F,262,77.2,36.9,–,–,–,16.6,–,–,–,0.84,1.44,–,–,–,2.39,–,–,–,–,–,5.75,–,–,38.2,–,–,17900,1100,972,15.3,1090,204,132,3.76,–,–,–,41.6
W,W36X247,W36X247,F,247,72.5,36.7,–,–,–,16.5,–,–,–,0.8,1.35,–,–,–,2.3,–,–,–,–,–,6.11,–,–,40.1,–,–,16700,1030,913,15.2,1010,190,123,3.74,–,–,–,34.7
W,W36X231,W36X231,F,231,68.2,36.5,–,–,–,16.5,–,–,–,0.76,1.26,–,–,–,2.21,–,–,–,–,–,6.54,–,–,42.2,–,–,15600,963,854,15.1,940,176,114,3.71,–,–,–,28.7
W,W36X256,W36X256,F,256,75.3,37.4,–,–,–,12.2,–,–,–,0.96,1.73,–,–,–,2.48,–,–,–,–,–,3.53,–,–,33.8,–,–,16800,1040,895,14.9,528,137,86.5,2.65,–,–,–,52.9
W,W36X232,W36X232,F,232,68,37.1,–,–,–,12.1,–,–,–,0.87,1.57,–,–,–,2.32,–,–,–,–,–,3.86,–,–,37.3,–,–,15000,936,809,14.8,468,122,77.2,2.62,–,–,–,39.6
W,W36X210,W36X210,F,210,61.9,36.7,–,–,–,12.2,–,–,–,0.83,1.36,–,–,–,2.11,–,–,–,–,–,4.48,–,–,39.1,–,–,13200,833,719,14.6,411,107,67.5,2.58,–,–,–,28
W,W36X194,W36X194,F,194,57,36.5,–,–,–,12.1,–,–,–,0.765,1.26,–,–,–,2.01,–,–,–,–,–,4.81,–,–,42.4,–,–,12100,767,664,14.6,375,97.7,61.9,2.56,–,–,–,22.2
W,W36X182,W36X182,F,182,53.6,36.3,–,–,–,12.1,–,–,–,0.725,1.18,–,–,–,1.93,–,–,–,–,–,5.12,–,–,44.8,–,–,11300,718,623,14.5,347,90.7,57.6,2.55,–,–,–,18.5
W,W36X170,W36X170,F,170,50,36.2,–,–,–,12,–,–,–,0.68,1.1,–,–,–,1.85,–,–,–,–,–,5.47,–,–,47.7,–,–,10500,668,581,14.5,320,83.8,53.2,2.53,–,–,–,15.1
W,W36X160,W36X160,F,160,47,36,–,–,–,12,–,–,–,0.65,1.02,–,–,–,1.77,–,–,–,–,–,5.88,–,–,49.9,–,–,9760,624,542,14.4,295,77.3,49.1,2.5,–,–,–,12.4
W,W36X150,W36X150,F,150,44.3,35.9,–,–,–,12,–,–,–,0.625,0.94,–,–,–,1.69,–,–,–,–,–,6.37,–,–,51.9,–,–,9040,581,504,14.3,270,70.9,45.1,2.47,–,–,–,10.1
W,W36X135,W36X135,F,135,39.9,35.6,–,–,–,12,–,–,–,0.6,0.79,–,–,–,1.54,–,–,–,–,–,7.56,–,–,54.1,–,–,7800,509,439,14,225,59.7,37.7,2.38,–,–,–,7
W,W33X387,W33X387,T,387,114,36,–,–,–,16.2,–,–,–,1.26,2.28,–,–,–,3.07,–,–,–,–,–,3.55,–,–,23.7,–,–,24300,1560,1350,14.6,1620,312,200,3.77,–,–,–,148
W,W33X354,W33X354,T,354,104,35.6,–,–,–,16.1,–,–,–,1.16,2.09,–,–,–,2.88,–,–,–,–,–,3.85,–,–,25.7,–,–,22000,1420,1240,14.5,1460,282,181,3.74,–,–,–,115
W,W33X318,W33X318,F,318,93.7,35.2,–,–,–,16,–,–,–,1.04,1.89,–,–,–,2.68,–,–,–,–,–,4.23,–,–,28.7,–,–,19500,1270,1110,14.5,1290,250,161,3.71,–,–,–,84.4
W,W33X291,W33X291,F,291,85.6,34.8,–,–,–,15.9,–,–,–,0.96,1.73,–,–,–,2.52,–,–,–,–,–,4.6,–,–,31,–,–,17700,1160,1020,14.4,1160,226,146,3.68,–,–,–,65.1
W,W33X263,W33X263,F,263,77.4,34.5,–,–,–,15.8,–,–,–,0.87,1.57,–,–,–,2.36,–,–,–,–,–,5.03,–,–,34.3,–,–,15900,1040,919,14.3,1040,202,131,3.66,–,–,–,48.7
W,W33X241,W33X241,F,241,71.1,34.2,–,–,–,15.9,–,–,–,0.83,1.4,–,–,–,2.19,–,–,–,–,–,5.66,–,–,35.9,–,–,14200,940,831,14.1,933,182,118,3.62,–,–,–,36.2
W,W33X221,W33X221,F,221,65.3,33.9,–,–,–,15.8,–,–,–,0.775,1.28,–,–,–,2.06,–,–,–,–,–,6.2,–,–,38.5,–,–,12900,857,759,14.1,840,164,106,3.59,–,–,–,27.8
W,W33X201,W33X201,F,201,59.1,33.7,–,–,–,15.7,–,–,–,0.715,1.15,–,–,–,1.94,–,–,–,–,–,6.85,–,–,41.7,–,–,11600,773,686,14,749,147,95.2,3.56,–,–,–,20.8
W,W33X169,W33X169,F,169,49.5,33.8,–,–,–,11.5,–,–,–,0.67,1.22,–,–,–,1.92,–,–,–,–,–,4.71,–,–,44.7,–,–,9290,629,549,13.7,310,84.4,53.9,2.5,–,–,–,17.7
W,W33X152,W33X152,F,152,44.9,33.5,–,–,–,11.6,–,–,–,0.635,1.06,–,–,–,1.76,–,–,–,–,–,5.48,–,–,47.2,–,–,8160,559,487,13.5,273,73.9,47.2,2.47,–,–,–,12.4
W,W33X141,W33X141,F,141,41.5,33.3,–,–,–,11.5,–,–,–,0.605,0.96,–,–,–,1.66,–,–,–,–,–,6.01,–,–,49.6,–,–,7450,514,448,13.4,246,66.9,42.7,2.43,–,–,–,9.7
W,W33X130,W33X130,F,130,38.3,33.1,–,–,–,11.5,–,–,–,0.58,0.855,–,–,–,1.56,–,–,–,–,–,6.73,–,–,51.7,–,–,6710,467,406,13.2,218,59.5,37.9,2.39,–,–,–,7.37
W,W33X118,W33X118,F,118,34.7,32.9,–,–,–,11.5,–,–,–,0.55,0.74,–,–,–,1.44,–,–,–,–,–,7.76,–,–,54.5,–,–,5900,415,359,13,187,51.3,32.6,2.32,–,–,–,5.3
W,W30X391,W30X391,T,391,115,33.2,–,–,–,15.6,–,–,–,1.36,2.44,–,–,–,3.23,–,–,–,–,–,3.19,–,–,19.7,–,–,20700,1450,1250,13.4,1550,310,198,3.67,–,–,–,173
W,W30X357,W30X357,T,357,105,32.8,–,–,–,15.5,–,–,–,1.24,2.24,–,–,–,3.03,–,–,–,–,–,3.45,–,–,21.6,–,–,18700,1320,1140,13.3,1390,279,179,3.64,–,–,–,134
W,W30X326,W30X326,T,326,95.9,32.4,–,–,–,15.4,–,–,–,1.14,2.05,–,–,–,2.84,–,–,–,–,–,3.75,–,–,23.4,–,–,16800,1190,1040,13.2,1240,252,162,3.6,–,–,–,103
W,W30X292,W30X292,F,292,86,32,–,–,–,15.3,–,–,–,1.02,1.85,–,–,–,2.64,–,–,–,–,–,4.12,–,–,26.2,–,–,14900,1060,930,13.2,1100,223,144,3.58,–,–,–,75.2
W,W30X261,W30X261,F,261,77,31.6,–,–,–,15.2,–,–,–,0.93,1.65,–,–,–,2.44,–,–,–,–,–,4.59,–,–,28.7,–,–,13100,943,829,13.1,959,196,127,3.53,–,–,–,54.1
W,W30X235,W30X235,F,235,69.3,31.3,–,–,–,15.1,–,–,–,0.83,1.5,–,–,–,2.29,–,–,–,–,–,5.02,–,–,32.2,–,–,11700,847,748,13,855,175,114,3.51,–,–,–,40.3
W,W30X211,W30X211,F,211,62.3,30.9,–,–,–,15.1,–,–,–,0.775,1.32,–,–,–,2.1,–,–,–,–,–,5.74,–,–,34.5,–,–,10300,751,665,12.9,757,155,100,3.49,–,–,–,28.4
W,W30X191,W30X191,F,191,56.1,30.7,–,–,–,15,–,–,–,0.71,1.19,–,–,–,1.97,–,–,–,–,–,6.35,–,–,37.7,–,–,9200,675,600,12.8,673,138,89.5,3.46,–,–,–,21
W,W30X173,W30X173,F,173,50.9,30.4,–,–,–,15,–,–,–,0.655,1.07,–,–,–,1.85,–,–,–,–,–,7.04,–,–,40.8,–,–,8230,607,541,12.7,598,123,79.8,3.42,–,–,–,15.6
W,W30X148,W30X148,F,148,43.6,30.7,–,–,–,10.5,–,–,–,0.65,1.18,–,–,–,1.83,–,–,–,–,–,4.44,–,–,41.6,–,–,6680,500,436,12.4,227,68,43.3,2.28,–,–,–,14.5
W,W30X132,W30X132,F,132,38.8,30.3,–,–,–,10.5,–,–,–,0.615,1,–,–,–,1.65,–,–,–,–,–,5.27,–,–,43.9,–,–,5770,437,380,12.2,196,58.4,37.2,2.25,–,–,–,9.72
W,W30X124,W30X124,F,124,36.5,30.2,–,–,–,10.5,–,–,–,0.585,0.93,–,–,–,1.58,–,–,–,–,–,5.65,–,–,46.2,–,–,5360,408,355,12.1,181,54,34.4,2.23,–,–,–,7.99
W,W30X116,W30X116,F,116,34.2,30,–,–,–,10.5,–,–,–,0.565,0.85,–,–,–,1.5,–,–,–,–,–,6.17,–,–,47.8,–,–,4930,378,329,12,164,49.2,31.3,2.19,–,–,–,6.43
W,W30X108,W30X108,F,108,31.7,29.8,–,–,–,10.5,–,–,–,0.545,0.76,–,–,–,1.41,–,–,–,–,–,6.89,–,–,49.6,–,–,4470,346,299,11.9,146,43.9,27.9,2.15,–,–,–,4.99
W,W30X99,W30X99,F,99,29,29.7,–,–,–,10.5,–,–,–,0.52,0.67,–,–,–,1.32,–,–,–,–,–,7.8,–,–,51.9,–,–,3990,312,269,11.7,128,38.6,24.5,2.1,–,–,–,3.77
W,W30X90,W30X90,F,90,26.3,29.5,–,–,–,10.4,–,–,–,0.47,0.61,–,–,–,1.26,–,–,–,–,–,8.52,–,–,57.5,–,–,3610,283,245,11.7,115,34.7,22.1,2.09,–,–,–,2.84
W,W27X539,W27X539,T,539,159,32.5,–,–,–,15.3,–,–,–,1.97,3.54,–,–,–,4.33,–,–,–,–,–,2.15,–,–,12.1,–,–,25600,1890,1570,12.7,2110,437,277,3.65,–,–,–,496
W,W27X368,W27X368,T,368,109,30.4,–,–,–,14.7,–,–,–,1.38,2.48,–,–,–,3.27,–,–,–,–,–,2.96,–,–,17.3,–,–,16200,1240,1060,12.2,1310,279,179,3.48,–,–,–,170
W,W27X336,W27X336,T,336,99.2,30,–,–,–,14.6,–,–,–,1.26,2.28,–,–,–,3.07,–,–,–,–,–,3.19,–,–,18.9,–,–,14600,1130,972,12.1,1180,252,162,3.45,–,–,–,131
W,W27X307,W27X307,T,307,90.2,29.6,–,–,–,14.4,–,–,–,1.16,2.09,–,–,–,2.88,–,–,–,–,–,3.46,–,–,20.6,–,–,13100,1030,887,12,1050,227,146,3.41,–,–,–,101
W,W27X281,W27X281,F,281,83.1,29.3,–,–,–,14.4,–,–,–,1.06,1.93,–,–,–,2.72,–,–,–,–,–,3.72,–,–,22.5,–,–,11900,936,814,12,953,206,133,3.39,–,–,–,79.5
W,W27X258,W27X258,F,258,76.1,29,–,–,–,14.3,–,–,–,0.98,1.77,–,–,–,2.56,–,–,–,–,–,4.03,–,–,24.4,–,–,10800,852,745,11.9,859,187,120,3.36,–,–,–,61.6
W,W27X235,W27X235,F,235,69.4,28.7,–,–,–,14.2,–,–,–,0.91,1.61,–,–,–,2.4,–,–,–,–,–,4.41,–,–,26.2,–,–,9700,772,677,11.8,769,168,108,3.33,–,–,–,47
W,W27X217,W27X217,F,217,63.9,28.4,–,–,–,14.1,–,–,–,0.83,1.5,–,–,–,2.29,–,–,–,–,–,4.71,–,–,28.7,–,–,8910,711,627,11.8,704,154,100,3.32,–,–,–,37.6
W,W27X194,W27X194,F,194,57.1,28.1,–,–,–,14,–,–,–,0.75,1.34,–,–,–,2.13,–,–,–,–,–,5.24,–,–,31.8,–,–,7860,631,559,11.7,619,136,88.1,3.29,–,–,–,27.1
W,W27X178,W27X178,F,178,52.5,27.8,–,–,–,14.1,–,–,–,0.725,1.19,–,–,–,1.98,–,–,–,–,–,5.92,–,–,32.9,–,–,7020,570,505,11.6,555,122,78.8,3.25,–,–,–,20.1
W,W27X161,W27X161,F,161,47.6,27.6,–,–,–,14,–,–,–,0.66,1.08,–,–,–,1.87,–,–,–,–,–,6.49,–,–,36.1,–,–,6310,515,458,11.5,497,109,70.9,3.23,–,–,–,15.1
W,W27X146,W27X146,F,146,43.2,27.4,–,–,–,14,–,–,–,0.605,0.975,–,–,–,1.76,–,–,–,–,–,7.16,–,–,39.4,–,–,5660,464,414,11.5,443,97.7,63.5,3.2,–,–,–,11.3
W,W27X129,W27X129,F,129,37.8,27.6,–,–,–,10,–,–,–,0.61,1.1,–,–,–,1.7,–,–,–,–,–,4.55,–,–,39.7,–,–,4760,395,345,11.2,184,57.6,36.8,2.21,–,–,–,11.1
W,W27X114,W27X114,F,114,33.6,27.3,–,–,–,10.1,–,–,–,0.57,0.93,–,–,–,1.53,–,–,–,–,–,5.41,–,–,42.5,–,–,4080,343,299,11,159,49.3,31.5,2.18,–,–,–,7.33
W,W27X102,W27X102,F,102,30,27.1,–,–,–,10,–,–,–,0.515,0.83,–,–,–,1.43,–,–,–,–,–,6.03,–,–,47.1,–,–,3620,305,267,11,139,43.4,27.8,2.15,–,–,–,5.28
W,W27X94,W27X94,F,94,27.6,26.9,–,–,–,10,–,–,–,0.49,0.745,–,–,–,1.34,–,–,–,–,–,6.7,–,–,49.5,–,–,3270,278,243,10.9,124,38.8,24.8,2.12,–,–,–,4.03
W,W27X84,W27X84,F,84,24.7,26.7,–,–,–,10,–,–,–,0.46,0.64,–,–,–,1.24,–,–,–,–,–,7.78,–,–,52.7,–,–,2850,244,213,10.7,106,33.2,21.2,2.07,–,–,–,2.81
W,W24X370,W24X370,T,370,109,28,–,–,–,13.7,–,–,–,1.52,2.72,–,–,–,3.22,–,–,–,–,–,2.51,–,–,14.2,–,–,13400,1130,957,11.1,1160,267,170,3.27,–,–,–,201
W,W24X335,W24X335,T,335,98.3,27.5,–,–,–,13.5,–,–,–,1.38,2.48,–,–,–,2.98,–,–,–,–,–,2.73,–,–,15.6,–,–,11900,1020,864,11,1030,238,152,3.23,–,–,–,152
W,W24X306,W24X306,T,306,89.7,27.1,–,–,–,13.4,–,–,–,1.26,2.28,–,–,–,2.78,–,–,–,–,–,2.94,–,–,17.1,–,–,10700,922,789,10.9,919,214,137,3.2,–,–,–,117
W,W24X279,W24X279,T,279,81.9,26.7,–,–,–,13.3,–,–,–,1.16,2.09,–,–,–,2.59,–,–,–,–,–,3.18,–,–,18.6,–,–,9600,835,718,10.8,823,193,124,3.17,–,–,–,90.5
W,W24X250,W24X250,F,250,73.5,26.3,–,–,–,13.2,–,–,–,1.04,1.89,–,–,–,2.39,–,–,–,–,–,3.49,–,–,20.7,–,–,8490,744,644,10.7,724,171,110,3.14,–,–,–,66.6
W,W24X229,W24X229,F,229,67.2,26,–,–,–,13.1,–,–,–,0.96,1.73,–,–,–,2.23,–,–,–,–,–,3.79,–,–,22.5,–,–,7650,675,588,10.7,651,154,99.4,3.11,–,–,–,51.3
W,W24X207,W24X207,F,207,60.7,25.7,–,–,–,13,–,–,–,0.87,1.57,–,–,–,2.07,–,–,–,–,–,4.14,–,–,24.8,–,–,6820,606,531,10.6,578,137,88.8,3.08,–,–,–,38.3
W,W24X192,W24X192,F,192,56.5,25.5,–,–,–,13,–,–,–,0.81,1.46,–,–,–,1.96,–,–,–,–,–,4.43,–,–,26.6,–,–,6260,559,491,10.5,530,126,81.8,3.07,–,–,–,30.8
W,W24X176,W24X176,F,176,51.7,25.2,–,–,–,12.9,–,–,–,0.75,1.34,–,–,–,1.84,–,–,–,–,–,4.81,–,–,28.7,–,–,5680,511,450,10.5,479,115,74.3,3.04,–,–,–,23.9
W,W24X162,W24X162,F,162,47.8,25,–,–,–,13,–,–,–,0.705,1.22,–,–,–,1.72,–,–,–,–,–,5.31,–,–,30.6,–,–,5170,468,414,10.4,443,105,68.4,3.05,–,–,–,18.5
W,W24X146,W24X146,F,146,43,24.7,–,–,–,12.9,–,–,–,0.65,1.09,–,–,–,1.59,–,–,–,–,–,5.92,–,–,33.2,–,–,4580,418,371,10.3,391,93.2,60.5,3.01,–,–,–,13.4
W,W24X131,W24X131,F,131,38.6,24.5,–,–,–,12.9,–,–,–,0.605,0.96,–,–,–,1.46,–,–,–,–,–,6.7,–,–,35.6,–,–,4020,370,329,10.2,340,81.5,53,2.97,–,–,–,9.5
W,W24X117,W24X117,F,117,34.4,24.3,–,–,–,12.8,–,–,–,0.55,0.85,–,–,–,1.35,–,–,–,–,–,7.53,–,–,39.2,–,–,3540,327,291,10.1,297,71.4,46.5,2.94,–,–,–,6.72
W,W24X104,W24X104,F,104,30.7,24.1,–,–,–,12.8,–,–,–,0.5,0.75,–,–,–,1.25,–,–,–,–,–,8.5,–,–,43.1,–,–,3100,289,258,10.1,259,62.4,40.7,2.91,–,–,–,4.72
W,W24X103,W24X103,F,103,30.3,24.5,–,–,–,9,–,–,–,0.55,0.98,–,–,–,1.48,–,–,–,–,–,4.59,–,–,39.2,–,–,3000,280,245,10,119,41.5,26.5,1.99,–,–,–,7.07
W,W24X94,W24X94,F,94,27.7,24.3,–,–,–,9.07,–,–,–,0.515,0.875,–,–,–,1.38,–,–,–,–,–,5.18,–,–,41.9,–,–,2700,254,222,9.87,109,37.5,24,1.98,–,–,–,5.26
W,W24X84,W24X84,F,84,24.7,24.1,–,–,–,9.02,–,–,–,0.47,0.77,–,–,–,1.27,–,–,–,–,–,5.86,–,–,45.9,–,–,2370,224,196,9.79,94.4,32.6,20.9,1.95,–,–,–,3.7
W,W24X76,W24X76,F,76,22.4,23.9,–,–,–,8.99,–,–,–,0.44,0.68,–,–,–,1.18,–,–,–,–,–,6.61,–,–,49,–,–,2100,200,176,9.69,82.5,28.6,18.4,1.92,–,–,–,2.68
W,W24X68,W24X68,F,68,20.1,23.7,–,–,–,8.97,–,–,–,0.415,0.585,–,–,–,1.09,–,–,–,–,–,7.66,–,–,52,–,–,1830,177,154,9.55,70.4,24.5,15.7,1.87,–,–,–,1.87
W,W24X62,W24X62,F,62,18.2,23.7,–,–,–,7.04,–,–,–,0.43,0.59,–,–,–,1.09,–,–,–,–,–,5.97,–,–,50.1,–,–,1550,153,131,9.23,34.5,15.7,9.8,1.38,–,–,–,1.71
W,W24X55,W24X55,F,55,16.2,23.6,–,–,–,7.01,–,–,–,0.395,0.505,–,–,–,1.01,–,–,–,–,–,6.94,–,–,54.6,–,–,1350,134,114,9.11,29.1,13.3,8.3,1.34,–,–,–,1.18
W,W21X275,W21X275,T,275,81.8,24.1,–,–,–,12.9,–,–,–,1.22,2.19,–,–,–,3.37,–,–,–,–,–,2.95,–,–,14.2,–,–,7690,749,638,9.7,787,191,122,3.1,–,–,–,107
W,W21X248,W21X248,F,248,73.8,23.7,–,–,–,12.8,–,–,–,1.1,1.99,–,–,–,3.17,–,–,–,–,–,3.22,–,–,15.8,–,–,6830,671,576,9.62,699,170,109,3.08,–,–,–,80.7
W,W21X223,W21X223,F,223,66.5,23.4,–,–,–,12.7,–,–,–,1,1.79,–,–,–,2.97,–,–,–,–,–,3.55,–,–,17.5,–,–,6080,601,520,9.56,614,150,96.7,3.04,–,–,–,59.5
W,W21X201,W21X201,F,201,59.3,23,–,–,–,12.6,–,–,–,0.91,1.63,–,–,–,2.13,–,–,–,–,–,3.86,–,–,20.6,–,–,5310,530,461,9.47,542,133,86.1,3.02,–,–,–,40.9
W,W21X182,W21X182,F,182,53.6,22.7,–,–,–,12.5,–,–,–,0.83,1.48,–,–,–,1.98,–,–,–,–,–,4.22,–,–,22.6,–,–,4730,476,417,9.4,483,119,77.2,3,–,–,–,30.7
W,W21X166,W21X166,F,166,48.8,22.5,–,–,–,12.4,–,–,–,0.75,1.36,–,–,–,1.86,–,–,–,–,–,4.57,–,–,25,–,–,4280,432,380,9.36,435,108,70,2.99,–,–,–,23.6
W,W21X147,W21X147,F,147,43.2,22.1,–,–,–,12.5,–,–,–,0.72,1.15,–,–,–,1.65,–,–,–,–,–,5.44,–,–,26.1,–,–,3630,373,329,9.17,376,92.6,60.1,2.95,–,–,–,15.4
W,W21X132,W21X132,F,132,38.8,21.8,–,–,–,12.4,–,–,–,0.65,1.04,–,–,–,1.54,–,–,–,–,–,6.01,–,–,28.9,–,–,3220,333,295,9.12,333,82.3,53.5,2.93,–,–,–,11.3
W,W21X122,W21X122,F,122,35.9,21.7,–,–,–,12.4,–,–,–,0.6,0.96,–,–,–,1.46,–,–,–,–,–,6.45,–,–,31.3,–,–,2960,307,273,9.09,305,75.6,49.2,2.92,–,–,–,8.98
W,W21X111,W21X111,F,111,32.6,21.5,–,–,–,12.3,–,–,–,0.55,0.875,–,–,–,1.38,–,–,–,–,–,7.05,–,–,34.1,–,–,2670,279,249,9.05,274,68.2,44.5,2.9,–,–,–,6.83
W,W21X101,W21X101,F,101,29.8,21.4,–,–,–,12.3,–,–,–,0.5,0.8,–,–,–,1.3,–,–,–,–,–,7.68,–,–,37.5,–,–,2420,253,227,9.02,248,61.7,40.3,2.89,–,–,–,5.21
W,W21X93,W21X93,F,93,27.3,21.6,–,–,–,8.42,–,–,–,0.58,0.93,–,–,–,1.43,–,–,–,–,–,4.53,–,–,32.3,–,–,2070,221,192,8.7,92.9,34.7,22.1,1.84,–,–,–,6.03
W,W21X83,W21X83,F,83,24.4,21.4,–,–,–,8.36,–,–,–,0.515,0.835,–,–,–,1.34,–,–,–,–,–,5,–,–,36.4,–,–,1830,196,171,8.67,81.4,30.5,19.5,1.83,–,–,–,4.34
W,W21X73,W21X73,F,73,21.5,21.2,–,–,–,8.3,–,–,–,0.455,0.74,–,–,–,1.24,–,–,–,–,–,5.6,–,–,41.2,–,–,1600,172,151,8.64,70.6,26.6,17,1.81,–,–,–,3.02
W,W21X68,W21X68,F,68,20,21.1,–,–,–,8.27,–,–,–,0.43,0.685,–,–,–,1.19,–,–,–,–,–,6.04,–,–,43.6,–,–,1480,160,140,8.6,64.7,24.4,15.7,1.8,–,–,–,2.45
W,W21X62,W21X62,F,62,18.3,21,–,–,–,8.24,–,–,–,0.4,0.615,–,–,–,1.12,–,–,–,–,–,6.7,–,–,46.9,–,–,1330,144,127,8.54,57.5,21.7,14,1.77,–,–,–,1.83
W,W21X55,W21X55,F,55,16.2,20.8,–,–,–,8.22,–,–,–,0.375,0.522,–,–,–,1.02,–,–,–,–,–,7.87,–,–,50,–,–,1140,126,110,8.4,48.4,18.4,11.8,1.73,–,–,–,1.24
W,W21X48,W21X48,F,48,14.1,20.6,–,–,–,8.14,–,–,–,0.35,0.43,–,–,–,0.93,–,–,–,–,–,9.47,–,–,53.6,–,–,959,107,93,8.24,38.7,14.9,9.52,1.66,–,–,–,0.803
W,W21X57,W21X57,F,57,16.7,21.1,–,–,–,6.56,–,–,–,0.405,0.65,–,–,–,1.15,–,–,–,–,–,5.04,–,–,46.3,–,–,1170,129,111,8.36,30.6,14.8,9.35,1.35,–,–,–,1.77
W,W21X50,W21X50,F,50,14.7,20.8,–,–,–,6.53,–,–,–,0.38,0.535,–,–,–,1.04,–,–,–,–,–,6.1,–,–,49.4,–,–,984,110,94.5,8.18,24.9,12.2,7.64,1.3,–,–,–,1.14
W,W21X44,W21X44,F,44,13,20.7,–,–,–,6.5,–,–,–,0.35,0.45,–,–,–,0.95,–,–,–,–,–,7.22,–,–,53.6,–,–,843,95.4,81.6,8.06,20.7,10.2,6.37,1.26,–,–,–,0.77
W,W18X311,W18X311,T,311,91.6,22.3,–,–,–,12,–,–,–,1.52,2.74,–,–,–,3.24,–,–,–,–,–,2.19,–,–,10.4,–,–,6970,754,624,8.72,795,207,132,2.95,–,–,–,176
W,W18X283,W18X283,T,283,83.3,21.9,–,–,–,11.9,–,–,–,1.4,2.5,–,–,–,3,–,–,–,–,–,2.38,–,–,11.3,–,–,6170,676,565,8.61,704,185,118,2.91,–,–,–,134
W,W18X258,W18X258,T,258,76,21.5,–,–,–,11.8,–,–,–,1.28,2.3,–,–,–,2.7,–,–,–,–,–,2.56,–,–,12.5,–,–,5510,611,514,8.53,628,166,107,2.88,–,–,–,103
W,W18X234,W18X234,T,234,68.6,21.1,–,–,–,11.7,–,–,–,1.16,2.11,–,–,–,2.51,–,–,–,–,–,2.76,–,–,13.8,–,–,4900,549,466,8.44,558,149,95.8,2.85,–,–,–,78.7
W,W18X211,W18X211,F,211,62.3,20.7,–,–,–,11.6,–,–,–,1.06,1.91,–,–,–,2.31,–,–,–,–,–,3.02,–,–,15.1,–,–,4330,490,419,8.35,493,132,85.3,2.82,–,–,–,58.6
W,W18X192,W18X192,F,192,56.2,20.4,–,–,–,11.5,–,–,–,0.96,1.75,–,–,–,2.15,–,–,–,–,–,3.27,–,–,16.7,–,–,3870,442,380,8.28,440,119,76.8,2.79,–,–,–,44.7
W,W18X175,W18X175,F,175,51.4,20,–,–,–,11.4,–,–,–,0.89,1.59,–,–,–,1.99,–,–,–,–,–,3.58,–,–,18,–,–,3450,398,344,8.2,391,106,68.8,2.76,–,–,–,33.8
W,W18X158,W18X158,F,158,46.3,19.7,–,–,–,11.3,–,–,–,0.81,1.44,–,–,–,1.84,–,–,–,–,–,3.92,–,–,19.8,–,–,3060,356,310,8.12,347,94.8,61.4,2.74,–,–,–,25.2
W,W18X143,W18X143,F,143,42,19.5,–,–,–,11.2,–,–,–,0.73,1.32,–,–,–,1.72,–,–,–,–,–,4.25,–,–,22,–,–,2750,322,282,8.09,311,85.4,55.5,2.72,–,–,–,19.2
W,W18X130,W18X130,F,130,38.3,19.3,–,–,–,11.2,–,–,–,0.67,1.2,–,–,–,1.6,–,–,–,–,–,4.65,–,–,23.9,–,–,2460,290,256,8.03,278,76.7,49.9,2.7,–,–,–,14.5
W,W18X119,W18X119,F,119,35.1,19,–,–,–,11.3,–,–,–,0.655,1.06,–,–,–,1.46,–,–,–,–,–,5.31,–,–,24.5,–,–,2190,262,231,7.9,253,69.1,44.9,2.69,–,–,–,10.6
W,W18X106,W18X106,F,106,31.1,18.7,–,–,–,11.2,–,–,–,0.59,0.94,–,–,–,1.34,–,–,–,–,–,5.96,–,–,27.2,–,–,1910,230,204,7.84,220,60.5,39.4,2.66,–,–,–,7.48
W,W18X97,W18X97,F,97,28.5,18.6,–,–,–,11.1,–,–,–,0.535,0.87,–,–,–,1.27,–,–,–,–,–,6.41,–,–,30,–,–,1750,211,188,7.82,201,55.3,36.1,2.65,–,–,–,5.86
W,W18X86,W18X86,F,86,25.3,18.4,–,–,–,11.1,–,–,–,0.48,0.77,–,–,–,1.17,–,–,–,–,–,7.2,–,–,33.4,–,–,1530,186,166,7.77,175,48.4,31.6,2.63,–,–,–,4.1
W,W18X76,W18X76,F,76,22.3,18.2,–,–,–,11,–,–,–,0.425,0.68,–,–,–,1.08,–,–,–,–,–,8.11,–,–,37.8,–,–,1330,163,146,7.73,152,42.2,27.6,2.61,–,–,–,2.83
W,W18X71,W18X71,F,71,20.9,18.5,–,–,–,7.64,–,–,–,0.495,0.81,–,–,–,1.21,–,–,–,–,–,4.71,–,–,32.4,–,–,1170,146,127,7.5,60.3,24.7,15.8,1.7,–,–,–,3.49
W,W18X65,W18X65,F,65,19.1,18.4,–,–,–,7.59,–,–,–,0.45,0.75,–,–,–,1.15,–,–,–,–,–,5.06,–,–,35.7,–,–,1070,133,117,7.49,54.8,22.5,14.4,1.69,–,–,–,2.73
W,W18X60,W18X60,F,60,17.6,18.2,–,–,–,7.56,–,–,–,0.415,0.695,–,–,–,1.1,–,–,–,–,–,5.44,–,–,38.7,–,–,984,123,108,7.47,50.1,20.6,13.3,1.68,–,–,–,2.17
W,W18X55,W18X55,F,55,16.2,18.1,–,–,–,7.53,–,–,–,0.39,0.63,–,–,–,1.03,–,–,–,–,–,5.98,–,–,41.1,–,–,890,112,98.3,7.41,44.9,18.5,11.9,1.67,–,–,–,1.66
W,W18X50,W18X50,F,50,14.7,18,–,–,–,7.5,–,–,–,0.355,0.57,–,–,–,0.972,–,–,–,–,–,6.57,–,–,45.2,–,–,800,101,88.9,7.38,40.1,16.6,10.7,1.65,–,–,–,1.24
W,W18X46,W18X46,F,46,13.5,18.1,–,–,–,6.06,–,–,–,0.36,0.605,–,–,–,1.01,–,–,–,–,–,5.01,–,–,44.6,–,–,712,90.7,78.8,7.25,22.5,11.7,7.43,1.29,–,–,–,1.22
W,W18X40,W18X40,F,40,11.8,17.9,–,–,–,6.02,–,–,–,0.315,0.525,–,–,–,0.927,–,–,–,–,–,5.73,–,–,50.9,–,–,612,78.4,68.4,7.21,19.1,10,6.35,1.27,–,–,–,0.81
W,W18X35,W18X35,F,35,10.3,17.7,–,–,–,6,–,–,–,0.3,0.425,–,–,–,0.827,–,–,–,–,–,7.06,–,–,53.5,–,–,510,66.5,57.6,7.04,15.3,8.06,5.12,1.22,–,–,–,0.506
W,W16X100,W16X100,F,100,29.4,17,–,–,–,10.4,–,–,–,0.585,0.985,–,–,–,1.39,–,–,–,–,–,5.29,–,–,24.3,–,–,1490,198,175,7.1,186,54.9,35.7,2.51,–,–,–,7.73
W,W16X89,W16X89,F,89,26.2,16.8,–,–,–,10.4,–,–,–,0.525,0.875,–,–,–,1.28,–,–,–,–,–,5.92,–,–,27,–,–,1300,175,155,7.05,163,48.1,31.4,2.49,–,–,–,5.45
W,W16X77,W16X77,F,77,22.6,16.5,–,–,–,10.3,–,–,–,0.455,0.76,–,–,–,1.16,–,–,–,–,–,6.77,–,–,31.2,–,–,1110,150,134,7,138,41.1,26.9,2.47,–,–,–,3.57
W,W16X67,W16X67,F,67,19.6,16.3,–,–,–,10.2,–,–,–,0.395,0.665,–,–,–,1.07,–,–,–,–,–,7.7,–,–,35.9,–,–,954,130,117,6.96,119,35.5,23.2,2.46,–,–,–,2.39
W,W16X57,W16X57,F,57,16.8,16.4,–,–,–,7.12,–,–,–,0.43,0.715,–,–,–,1.12,–,–,–,–,–,4.98,–,–,33,–,–,758,105,92.2,6.72,43.1,18.9,12.1,1.6,–,–,–,2.22
W,W16X50,W16X50,F,50,14.7,16.3,–,–,–,7.07,–,–,–,0.38,0.63,–,–,–,1.03,–,–,–,–,–,5.61,–,–,37.4,–,–,659,92,81,6.68,37.2,16.3,10.5,1.59,–,–,–,1.52
W,W16X45,W16X45,F,45,13.3,16.1,–,–,–,7.04,–,–,–,0.345,0.565,–,–,–,0.967,–,–,–,–,–,6.23,–,–,41.1,–,–,586,82.3,72.7,6.65,32.8,14.5,9.34,1.57,–,–,–,1.11
W,W16X40,W16X40,F,40,11.8,16,–,–,–,7,–,–,–,0.305,0.505,–,–,–,0.907,–,–,–,–,–,6.93,–,–,46.5,–,–,518,73,64.7,6.63,28.9,12.7,8.25,1.57,–,–,–,0.794
W,W16X36,W16X36,F,36,10.6,15.9,–,–,–,6.99,–,–,–,0.295,0.43,–,–,–,0.832,–,–,–,–,–,8.12,–,–,48.1,–,–,448,64,56.5,6.51,24.5,10.8,7,1.52,–,–,–,0.545
W,W16X31,W16X31,F,31,9.13,15.9,–,–,–,5.53,–,–,–,0.275,0.44,–,–,–,0.842,–,–,–,–,–,6.28,–,–,51.6,–,–,375,54,47.2,6.41,12.4,7.03,4.49,1.17,–,–,–,0.461
W,W16X26,W16X26,F,26,7.68,15.7,–,–,–,5.5,–,–,–,0.25,0.345,–,–,–,0.747,–,–,–,–,–,7.97,–,–,56.8,–,–,301,44.2,38.4,6.26,9.59,5.48,3.49,1.12,–,–,–,0.262
W,W14X873,W14X873,T,873,257,23.6,–,–,–,18.8,–,–,–,3.94,5.51,–,–,–,6.1,–,–,–,–,–,1.71,–,–,2.89,–,–,18100,2030,1530,8.39,6170,1020,656,4.9,–,–,–,2270
W,W14X808,W14X808,T,808,238,22.8,–,–,–,18.6,–,–,–,3.74,5.12,–,–,–,5.71,–,–,–,–,–,1.82,–,–,3.04,–,–,15900,1830,1390,8.17,5550,930,597,4.83,–,–,–,1840
W,W14X730,W14X730,T,730,215,22.4,–,–,–,17.9,–,–,–,3.07,4.91,–,–,–,5.51,–,–,–,–,–,1.82,–,–,3.71,–,–,14300,1660,1280,8.17,4720,816,527,4.69,–,–,–,1450
W,W14X665,W14X665,T,665,196,21.6,–,–,–,17.7,–,–,–,2.83,4.52,–,–,–,5.12,–,–,–,–,–,1.95,–,–,4.03,–,–,12400,1480,1150,7.98,4170,730,472,4.62,–,–,–,1120
W,W14X605,W14X605,T,605,178,20.9,–,–,–,17.4,–,–,–,2.6,4.16,–,–,–,4.76,–,–,–,–,–,2.09,–,–,4.39,–,–,10800,1320,1040,7.8,3680,652,423,4.55,–,–,–,869
W,W14X550,W14X550,T,550,162,20.2,–,–,–,17.2,–,–,–,2.38,3.82,–,–,–,4.42,–,–,–,–,–,2.25,–,–,4.79,–,–,9430,1180,931,7.63,3250,583,378,4.49,–,–,–,669
W,W14X500,W14X500,T,500,147,19.6,–,–,–,17,–,–,–,2.19,3.5,–,–,–,4.1,–,–,–,–,–,2.43,–,–,5.21,–,–,8210,1050,838,7.48,2880,522,339,4.43,–,–,–,514
W,W14X455,W14X455,T,455,134,19,–,–,–,16.8,–,–,–,2.02,3.21,–,–,–,3.81,–,–,–,–,–,2.62,–,–,5.66,–,–,7190,936,756,7.33,2560,468,304,4.38,–,–,–,395
W,W14X426,W14X426,T,426,125,18.7,–,–,–,16.7,–,–,–,1.88,3.04,–,–,–,3.63,–,–,–,–,–,2.75,–,–,6.08,–,–,6600,869,706,7.26,2360,434,283,4.34,–,–,–,331
W,W14X398,W14X398,T,398,117,18.3,–,–,–,16.6,–,–,–,1.77,2.85,–,–,–,3.44,–,–,–,–,–,2.92,–,–,6.44,–,–,6000,801,656,7.16,2170,402,262,4.31,–,–,–,273
W,W14X370,W14X370,T,370,109,17.9,–,–,–,16.5,–,–,–,1.66,2.66,–,–,–,3.26,–,–,–,–,–,3.1,–,–,6.89,–,–,5440,736,607,7.07,1990,370,241,4.27,–,–,–,222
W,W14X342,W14X342,T,342,101,17.5,–,–,–,16.4,–,–,–,1.54,2.47,–,–,–,3.07,–,–,–,–,–,3.31,–,–,7.41,–,–,4900,672,558,6.98,1810,338,221,4.24,–,–,–,178
W,W14X311,W14X311,T,311,91.4,17.1,–,–,–,16.2,–,–,–,1.41,2.26,–,–,–,2.86,–,–,–,–,–,3.59,–,–,8.09,–,–,4330,603,506,6.88,1610,304,199,4.2,–,–,–,136
W,W14X283,W14X283,T,283,83.3,16.7,–,–,–,16.1,–,–,–,1.29,2.07,–,–,–,2.67,–,–,–,–,–,3.89,–,–,8.84,–,–,3840,542,459,6.79,1440,274,179,4.17,–,–,–,104
W,W14X257,W14X257,F,257,75.6,16.4,–,–,–,16,–,–,–,1.18,1.89,–,–,–,2.49,–,–,–,–,–,4.23,–,–,9.71,–,–,3400,487,415,6.71,1290,246,161,4.13,–,–,–,79.1
W,W14X233,W14X233,F,233,68.5,16,–,–,–,15.9,–,–,–,1.07,1.72,–,–,–,2.32,–,–,–,–,–,4.62,–,–,10.7,–,–,3010,436,375,6.63,1150,221,145,4.1,–,–,–,59.5
W,W14X211,W14X211,F,211,62,15.7,–,–,–,15.8,–,–,–,0.98,1.56,–,–,–,2.16,–,–,–,–,–,5.06,–,–,11.6,–,–,2660,390,338,6.55,1030,198,130,4.07,–,–,–,44.6
W,W14X193,W14X193,F,193,56.8,15.5,–,–,–,15.7,–,–,–,0.89,1.44,–,–,–,2.04,–,–,–,–,–,5.45,–,–,12.8,–,–,2400,355,310,6.5,931,180,119,4.05,–,–,–,34.8
W,W14X176,W14X176,F,176,51.8,15.2,–,–,–,15.7,–,–,–,0.83,1.31,–,–,–,1.91,–,–,–,–,–,5.97,–,–,13.7,–,–,2140,320,281,6.43,838,163,107,4.02,–,–,–,26.5
W,W14X159,W14X159,F,159,46.7,15,–,–,–,15.6,–,–,–,0.745,1.19,–,–,–,1.79,–,–,–,–,–,6.54,–,–,15.3,–,–,1900,287,254,6.38,748,146,96.2,4,–,–,–,19.7
W,W14X145,W14X145,F,145,42.7,14.8,–,–,–,15.5,–,–,–,0.68,1.09,–,–,–,1.69,–,–,–,–,–,7.11,–,–,16.8,–,–,1710,260,232,6.33,677,133,87.3,3.98,–,–,–,15.2
W,W14X132,W14X132,F,132,38.8,14.7,–,–,–,14.7,–,–,–,0.645,1.03,–,–,–,1.63,–,–,–,–,–,7.15,–,–,17.7,–,–,1530,234,209,6.28,548,113,74.5,3.76,–,–,–,12.3
W,W14X120,W14X120,F,120,35.3,14.5,–,–,–,14.7,–,–,–,0.59,0.94,–,–,–,1.54,–,–,–,–,–,7.8,–,–,19.3,–,–,1380,212,190,6.24,495,102,67.5,3.74,–,–,–,9.37
W,W14X109,W14X109,F,109,32,14.3,–,–,–,14.6,–,–,–,0.525,0.86,–,–,–,1.46,–,–,–,–,–,8.49,–,–,21.7,–,–,1240,192,173,6.22,447,92.7,61.2,3.73,–,–,–,7.12
W,W14X99,W14X99,F,99,29.1,14.2,–,–,–,14.6,–,–,–,0.485,0.78,–,–,–,1.38,–,–,–,–,–,9.34,–,–,23.5,–,–,1110,173,157,6.17,402,83.6,55.2,3.71,–,–,–,5.37
W,W14X90,W14X90,F,90,26.5,14,–,–,–,14.5,–,–,–,0.44,0.71,–,–,–,1.31,–,–,–,–,–,10.2,–,–,25.9,–,–,999,157,143,6.14,362,75.6,49.9,3.7,–,–,–,4.06
W,W14X82,W14X82,F,82,24,14.3,–,–,–,10.1,–,–,–,0.51,0.855,–,–,–,1.45,–,–,–,–,–,5.92,–,–,22.4,–,–,881,139,123,6.05,148,44.8,29.3,2.48,–,–,–,5.07
W,W14X74,W14X74,F,74,21.8,14.2,–,–,–,10.1,–,–,–,0.45,0.785,–,–,–,1.38,–,–,–,–,–,6.41,–,–,25.4,–,–,795,126,112,6.04,134,40.5,26.6,2.48,–,–,–,3.87
W,W14X68,W14X68,F,68,20,14,–,–,–,10,–,–,–,0.415,0.72,–,–,–,1.31,–,–,–,–,–,6.97,–,–,27.5,–,–,722,115,103,6.01,121,36.9,24.2,2.46,–,–,–,3.01
W,W14X61,W14X61,F,61,17.9,13.9,–,–,–,10,–,–,–,0.375,0.645,–,–,–,1.24,–,–,–,–,–,7.75,–,–,30.4,–,–,640,102,92.1,5.98,107,32.8,21.5,2.45,–,–,–,2.19
W,W14X53,W14X53,F,53,15.6,13.9,–,–,–,8.06,–,–,–,0.37,0.66,–,–,–,1.25,–,–,–,–,–,6.11,–,–,30.9,–,–,541,87.1,77.8,5.89,57.7,22,14.3,1.92,–,–,–,1.94
W,W14X48,W14X48,F,48,14.1,13.8,–,–,–,8.03,–,–,–,0.34,0.595,–,–,–,1.19,–,–,–,–,–,6.75,–,–,33.6,–,–,484,78.4,70.2,5.85,51.4,19.6,12.8,1.91,–,–,–,1.45
W,W14X43,W14X43,F,43,12.6,13.7,–,–,–,8,–,–,–,0.305,0.53,–,–,–,1.12,–,–,–,–,–,7.54,–,–,37.4,–,–,428,69.6,62.6,5.82,45.2,17.3,11.3,1.89,–,–,–,1.05
W,W14X38,W14X38,F,38,11.2,14.1,–,–,–,6.77,–,–,–,0.31,0.515,–,–,–,0.915,–,–,–,–,–,6.57,–,–,39.6,–,–,385,61.5,54.6,5.87,26.7,12.1,7.88,1.55,–,–,–,0.798
W,W14X34,W14X34,F,34,10,14,–,–,–,6.75,–,–,–,0.285,0.455,–,–,–,0.855,–,–,–,–,–,7.41,–,–,43.1,–,–,340,54.6,48.6,5.83,23.3,10.6,6.91,1.53,–,–,–,0.569
W,W14X30,W14X30,F,30,8.85,13.8,–,–,–,6.73,–,–,–,0.27,0.385,–,–,–,0.785,–,–,–,–,–,8.74,–,–,45.4,–,–,291,47.3,42,5.73,19.6,8.99,5.82,1.49,–,–,–,0.38
W,W14X26,W14X26,F,26,7.69,13.9,–,–,–,5.03,–,–,–,0.255,0.42,–,–,–,0.82,–,–,–,–,–,5.98,–,–,48.1,–,–,245,40.2,35.3,5.65,8.91,5.54,3.55,1.08,–,–,–,0.358
W,W14X22,W14X22,F,22,6.49,13.7,–,–,–,5,–,–,–,0.23,0.335,–,–,–,0.735,–,–,–,–,–,7.46,–,–,53.3,–,–,199,33.2,29,5.54,7,4.39,2.8,1.04,–,–,–,0.208
W,W12X336,W12X336,T,336,98.9,16.8,–,–,–,13.4,–,–,–,1.78,2.96,–,–,–,3.55,–,–,–,–,–,2.26,–,–,5.47,–,–,4060,603,483,6.41,1190,274,177,3.47,–,–,–,243
W,W12X305,W12X305,T,305,89.5,16.3,–,–,–,13.2,–,–,–,1.63,2.71,–,–,–,3.3,–,–,–,–,–,2.45,–,–,5.98,–,–,3550,537,435,6.29,1050,244,159,3.42,–,–,–,185
W,W12X279,W12X279,T,279,81.9,15.9,–,–,–,13.1,–,–,–,1.53,2.47,–,–,–,3.07,–,–,–,–,–,2.66,–,–,6.35,–,–,3110,481,393,6.16,937,220,143,3.38,–,–,–,143
W,W12X252,W12X252,T,252,74.1,15.4,–,–,–,13,–,–,–,1.4,2.25,–,–,–,2.85,–,–,–,–,–,2.89,–,–,6.96,–,–,2720,428,353,6.06,828,196,127,3.34,–,–,–,108
W,W12X230,W12X230,T,230,67.7,15.1,–,–,–,12.9,–,–,–,1.29,2.07,–,–,–,2.67,–,–,–,–,–,3.11,–,–,7.56,–,–,2420,386,321,5.97,742,177,115,3.31,–,–,–,83.8
W,W12X210,W12X210,F,210,61.8,14.7,–,–,–,12.8,–,–,–,1.18,1.9,–,–,–,2.5,–,–,–,–,–,3.37,–,–,8.23,–,–,2140,348,292,5.89,664,159,104,3.28,–,–,–,64.7
W,W12X190,W12X190,F,190,56,14.4,–,–,–,12.7,–,–,–,1.06,1.74,–,–,–,2.33,–,–,–,–,–,3.65,–,–,9.16,–,–,1890,311,263,5.82,589,143,93,3.25,–,–,–,48.8
W,W12X170,W12X170,F,170,50,14,–,–,–,12.6,–,–,–,0.96,1.56,–,–,–,2.16,–,–,–,–,–,4.03,–,–,10.1,–,–,1650,275,235,5.74,517,126,82.3,3.22,–,–,–,35.6
W,W12X152,W12X152,F,152,44.7,13.7,–,–,–,12.5,–,–,–,0.87,1.4,–,–,–,2,–,–,–,–,–,4.46,–,–,11.2,–,–,1430,243,209,5.66,454,111,72.8,3.19,–,–,–,25.8
W,W12X136,W12X136,F,136,39.9,13.4,–,–,–,12.4,–,–,–,0.79,1.25,–,–,–,1.85,–,–,–,–,–,4.96,–,–,12.3,–,–,1240,214,186,5.58,398,98,64.2,3.16,–,–,–,18.5
W,W12X120,W12X120,F,120,35.2,13.1,–,–,–,12.3,–,–,–,0.71,1.11,–,–,–,1.7,–,–,–,–,–,5.57,–,–,13.7,–,–,1070,186,163,5.51,345,85.4,56,3.13,–,–,–,12.9
W,W12X106,W12X106,F,106,31.2,12.9,–,–,–,12.2,–,–,–,0.61,0.99,–,–,–,1.59,–,–,–,–,–,6.17,–,–,15.9,–,–,933,164,145,5.47,301,75.1,49.3,3.11,–,–,–,9.13
W,W12X96,W12X96,F,96,28.2,12.7,–,–,–,12.2,–,–,–,0.55,0.9,–,–,–,1.5,–,–,–,–,–,6.76,–,–,17.7,–,–,833,147,131,5.44,270,67.5,44.4,3.09,–,–,–,6.85
W,W12X87,W12X87,F,87,25.6,12.5,–,–,–,12.1,–,–,–,0.515,0.81,–,–,–,1.41,–,–,–,–,–,7.48,–,–,18.9,–,–,740,132,118,5.38,241,60.4,39.7,3.07,–,–,–,5.1
W,W12X79,W12X79,F,79,23.2,12.4,–,–,–,12.1,–,–,–,0.47,0.735,–,–,–,1.33,–,–,–,–,–,8.22,–,–,20.7,–,–,662,119,107,5.34,216,54.3,35.8,3.05,–,–,–,3.84
W,W12X72,W12X72,F,72,21.1,12.3,–,–,–,12,–,–,–,0.43,0.67,–,–,–,1.27,–,–,–,–,–,8.99,–,–,22.6,–,–,597,108,97.4,5.31,195,49.2,32.4,3.04,–,–,–,2.93
W,W12X65,W12X65,F,65,19.1,12.1,–,–,–,12,–,–,–,0.39,0.605,–,–,–,1.2,–,–,–,–,–,9.92,–,–,24.9,–,–,533,96.8,87.9,5.28,174,44.1,29.1,3.02,–,–,–,2.18
W,W12X58,W12X58,F,58,17,12.2,–,–,–,10,–,–,–,0.36,0.64,–,–,–,1.24,–,–,–,–,–,7.82,–,–,27,–,–,475,86.4,78,5.28,107,32.5,21.4,2.51,–,–,–,2.1
W,W12X53,W12X53,F,53,15.6,12.1,–,–,–,10,–,–,–,0.345,0.575,–,–,–,1.18,–,–,–,–,–,8.69,–,–,28.1,–,–,425,77.9,70.6,5.23,95.8,29.1,19.2,2.48,–,–,–,1.58
W,W12X50,W12X50,F,50,14.6,12.2,–,–,–,8.08,–,–,–,0.37,0.64,–,–,–,1.14,–,–,–,–,–,6.31,–,–,26.8,–,–,391,71.9,64.2,5.18,56.3,21.3,13.9,1.96,–,–,–,1.71
W,W12X45,W12X45,F,45,13.1,12.1,–,–,–,8.05,–,–,–,0.335,0.575,–,–,–,1.08,–,–,–,–,–,7,–,–,29.6,–,–,348,64.2,57.7,5.15,50,19,12.4,1.95,–,–,–,1.26
W,W12X40,W12X40,F,40,11.7,11.9,–,–,–,8.01,–,–,–,0.295,0.515,–,–,–,1.02,–,–,–,–,–,7.77,–,–,33.6,–,–,307,57,51.5,5.13,44.1,16.8,11,1.94,–,–,–,0.906
W,W12X35,W12X35,F,35,10.3,12.5,–,–,–,6.56,–,–,–,0.3,0.52,–,–,–,0.82,–,–,–,–,–,6.31,–,–,36.2,–,–,285,51.2,45.6,5.25,24.5,11.5,7.47,1.54,–,–,–,0.741
W,W12X30,W12X30,F,30,8.79,12.3,–,–,–,6.52,–,–,–,0.26,0.44,–,–,–,0.74,–,–,–,–,–,7.41,–,–,41.8,–,–,238,43.1,38.6,5.21,20.3,9.56,6.24,1.52,–,–,–,0.457
W,W12X26,W12X26,F,26,7.65,12.2,–,–,–,6.49,–,–,–,0.23,0.38,–,–,–,0.68,–,–,–,–,–,8.54,–,–,47.2,–,–,204,37.2,33.4,5.17,17.3,8.17,5.34,1.51,–,–,–,0.3
W,W12X22,W12X22,F,22,6.48,12.3,–,–,–,4.03,–,–,–,0.26,0.425,–,–,–,0.725,–,–,–,–,–,4.74,–,–,41.8,–,–,156,29.3,25.4,4.91,4.66,3.66,2.31,0.848,–,–,–,0.293
W,W12X19,W12X19,F,19,5.57,12.2,–,–,–,4.01,–,–,–,0.235,0.35,–,–,–,0.65,–,–,–,–,–,5.72,–,–,46.2,–,–,130,24.7,21.3,4.82,3.76,2.98,1.88,0.822,–,–,–,0.18
W,W12X16,W12X16,F,16,4.71,12,–,–,–,3.99,–,–,–,0.22,0.265,–,–,–,0.565,–,–,–,–,–,7.53,–,–,49.4,–,–,103,20.1,17.1,4.67,2.82,2.26,1.41,0.773,–,–,–,0.103
W,W12X14,W12X14,F,14,4.16,11.9,–,–,–,3.97,–,–,–,0.2,0.225,–,–,–,0.525,–,–,–,–,–,8.82,–,–,54.3,–,–,88.6,17.4,14.9,4.62,2.36,1.9,1.19,0.753,–,–,–,0.0704
W,W10X112,W10X112,F,112,32.9,11.4,–,–,–,10.4,–,–,–,0.755,1.25,–,–,–,1.75,–,–,–,–,–,4.17,–,–,10.4,–,–,716,147,126,4.66,236,69.2,45.3,2.68,–,–,–,15.1
W,W10X100,W10X100,F,100,29.3,11.1,–,–,–,10.3,–,–,–,0.68,1.12,–,–,–,1.62,–,–,–,–,–,4.62,–,–,11.6,–,–,623,130,112,4.6,207,61,40,2.65,–,–,–,10.9
W,W10X88,W10X88,F,88,26,10.8,–,–,–,10.3,–,–,–,0.605,0.99,–,–,–,1.49,–,–,–,–,–,5.18,–,–,13,–,–,534,113,98.5,4.54,179,53.1,34.8,2.63,–,–,–,7.53
W,W10X77,W10X77,F,77,22.7,10.6,–,–,–,10.2,–,–,–,0.53,0.87,–,–,–,1.37,–,–,–,–,–,5.86,–,–,14.8,–,–,455,97.6,85.9,4.49,154,45.9,30.1,2.6,–,–,–,5.11
W,W10X68,W10X68,F,68,19.9,10.4,–,–,–,10.1,–,–,–,0.47,0.77,–,–,–,1.27,–,–,–,–,–,6.58,–,–,16.7,–,–,394,85.3,75.7,4.44,134,40.1,26.4,2.59,–,–,–,3.56
W,W10X60,W10X60,F,60,17.7,10.2,–,–,–,10.1,–,–,–,0.42,0.68,–,–,–,1.18,–,–,–,–,–,7.41,–,–,18.7,–,–,341,74.6,66.7,4.39,116,35,23,2.57,–,–,–,2.48
W,W10X54,W10X54,F,54,15.8,10.1,–,–,–,10,–,–,–,0.37,0.615,–,–,–,1.12,–,–,–,–,–,8.15,–,–,21.2,–,–,303,66.6,60,4.37,103,31.3,20.6,2.56,–,–,–,1.82
W,W10X49,W10X49,F,49,14.4,10,–,–,–,10,–,–,–,0.34,0.56,–,–,–,1.06,–,–,–,–,–,8.93,–,–,23.1,–,–,272,60.4,54.6,4.35,93.4,28.3,18.7,2.54,–,–,–,1.39
W,W10X45,W10X45,F,45,13.3,10.1,–,–,–,8.02,–,–,–,0.35,0.62,–,–,–,1.12,–,–,–,–,–,6.47,–,–,22.5,–,–,248,54.9,49.1,4.32,53.4,20.3,13.3,2.01,–,–,–,1.51
W,W10X39,W10X39,F,39,11.5,9.92,–,–,–,7.99,–,–,–,0.315,0.53,–,–,–,1.03,–,–,–,–,–,7.53,–,–,25,–,–,209,46.8,42.1,4.27,45,17.2,11.3,1.98,–,–,–,0.976
W,W10X33,W10X33,F,33,9.71,9.73,–,–,–,7.96,–,–,–,0.29,0.435,–,–,–,0.935,–,–,–,–,–,9.15,–,–,27.1,–,–,171,38.8,35,4.19,36.6,14,9.2,1.94,–,–,–,0.583
W,W10X30,W10X30,F,30,8.84,10.5,–,–,–,5.81,–,–,–,0.3,0.51,–,–,–,0.81,–,–,–,–,–,5.7,–,–,29.5,–,–,170,36.6,32.4,4.38,16.7,8.84,5.75,1.37,–,–,–,0.622
W,W10X26,W10X26,F,26,7.61,10.3,–,–,–,5.77,–,–,–,0.26,0.44,–,–,–,0.74,–,–,–,–,–,6.56,–,–,34,–,–,144,31.3,27.9,4.35,14.1,7.5,4.89,1.36,–,–,–,0.402
W,W10X22,W10X22,F,22,6.49,10.2,–,–,–,5.75,–,–,–,0.24,0.36,–,–,–,0.66,–,–,–,–,–,7.99,–,–,36.9,–,–,118,26,23.2,4.27,11.4,6.1,3.97,1.33,–,–,–,0.239
W,W10X19,W10X19,F,19,5.62,10.2,–,–,–,4.02,–,–,–,0.25,0.395,–,–,–,0.695,–,–,–,–,–,5.09,–,–,35.4,–,–,96.3,21.6,18.8,4.14,4.29,3.35,2.14,0.874,–,–,–,0.233
W,W10X17,W10X17,F,17,4.99,10.1,–,–,–,4.01,–,–,–,0.24,0.33,–,–,–,0.63,–,–,–,–,–,6.08,–,–,36.9,–,–,81.9,18.7,16.2,4.05,3.56,2.8,1.78,0.845,–,–,–,0.156
W,W10X15,W10X15,F,15,4.41,9.99,–,–,–,4,–,–,–,0.23,0.27,–,–,–,0.57,–,–,–,–,–,7.41,–,–,38.5,–,–,68.9,16,13.8,3.95,2.89,2.3,1.45,0.81,–,–,–,0.104
W,W10X12,W10X12,F,12,3.54,9.87,–,–,–,3.96,–,–,–,0.19,0.21,–,–,–,0.51,–,–,–,–,–,9.43,–,–,46.6,–,–,53.8,12.6,10.9,3.9,2.18,1.74,1.1,0.785,–,–,–,0.0547
W,W8X67,W8X67,F,67,19.7,9,–,–,–,8.28,–,–,–,0.57,0.935,–,–,–,1.33,–,–,–,–,–,4.43,–,–,11.1,–,–,272,70.1,60.4,3.72,88.6,32.7,21.4,2.12,–,–,–,5.05
W,W8X58,W8X58,F,58,17.1,8.75,–,–,–,8.22,–,–,–,0.51,0.81,–,–,–,1.2,–,–,–,–,–,5.07,–,–,12.4,–,–,228,59.8,52,3.65,75.1,27.9,18.3,2.1,–,–,–,3.33
W,W8X48,W8X48,F,48,14.1,8.5,–,–,–,8.11,–,–,–,0.4,0.685,–,–,–,1.08,–,–,–,–,–,5.92,–,–,15.9,–,–,184,49,43.2,3.61,60.9,22.9,15,2.08,–,–,–,1.96
W,W8X40,W8X40,F,40,11.7,8.25,–,–,–,8.07,–,–,–,0.36,0.56,–,–,–,0.954,–,–,–,–,–,7.21,–,–,17.6,–,–,146,39.8,35.5,3.53,49.1,18.5,12.2,2.04,–,–,–,1.12
W,W8X35,W8X35,F,35,10.3,8.12,–,–,–,8.02,–,–,–,0.31,0.495,–,–,–,0.889,–,–,–,–,–,8.1,–,–,20.5,–,–,127,34.7,31.2,3.51,42.6,16.1,10.6,2.03,–,–,–,0.769
W,W8X31,W8X31,F,31,9.13,8,–,–,–,8,–,–,–,0.285,0.435,–,–,–,0.829,–,–,–,–,–,9.19,–,–,22.3,–,–,110,30.4,27.5,3.47,37.1,14.1,9.27,2.02,–,–,–,0.536
W,W8X28,W8X28,F,28,8.25,8.06,–,–,–,6.54,–,–,–,0.285,0.465,–,–,–,0.859,–,–,–,–,–,7.03,–,–,22.3,–,–,98,27.2,24.3,3.45,21.7,10.1,6.63,1.62,–,–,–,0.537
W,W8X24,W8X24,F,24,7.08,7.93,–,–,–,6.5,–,–,–,0.245,0.4,–,–,–,0.794,–,–,–,–,–,8.12,–,–,25.9,–,–,82.7,23.1,20.9,3.42,18.3,8.57,5.63,1.61,–,–,–,0.346
W,W8X21,W8X21,F,21,6.16,8.28,–,–,–,5.27,–,–,–,0.25,0.4,–,–,–,0.7,–,–,–,–,–,6.59,–,–,27.5,–,–,75.3,20.4,18.2,3.49,9.77,5.69,3.71,1.26,–,–,–,0.282
W,W8X18,W8X18,F,18,5.26,8.14,–,–,–,5.25,–,–,–,0.23,0.33,–,–,–,0.63,–,–,–,–,–,7.95,–,–,29.9,–,–,61.9,17,15.2,3.43,7.97,4.66,3.04,1.23,–,–,–,0.172
W,W8X15,W8X15,F,15,4.44,8.11,–,–,–,4.02,–,–,–,0.245,0.315,–,–,–,0.615,–,–,–,–,–,6.37,–,–,28.1,–,–,48,13.6,11.8,3.29,3.41,2.67,1.7,0.876,–,–,–,0.137
W,W8X13,W8X13,F,13,3.84,7.99,–,–,–,4,–,–,–,0.23,0.255,–,–,–,0.555,–,–,–,–,–,7.84,–,–,29.9,–,–,39.6,11.4,9.91,3.21,2.73,2.15,1.37,0.843,–,–,–,0.0871
W,W8X10,W8X10,F,10,2.96,7.89,–,–,–,3.94,–,–,–,0.17,0.205,–,–,–,0.505,–,–,–,–,–,9.61,–,–,40.5,–,–,30.8,8.87,7.81,3.22,2.09,1.66,1.06,0.841,–,–,–,0.0426
W,W6X25,W6X25,F,25,7.34,6.38,–,–,–,6.08,–,–,–,0.32,0.455,–,–,–,0.705,–,–,–,–,–,6.68,–,–,15.5,–,–,53.4,18.9,16.7,2.7,17.1,8.56,5.61,1.52,–,–,–,0.461
W,W6X20,W6X20,F,20,5.87,6.2,–,–,–,6.02,–,–,–,0.26,0.365,–,–,–,0.615,–,–,–,–,–,8.25,–,–,19.1,–,–,41.4,14.9,13.4,2.66,13.3,6.72,4.41,1.5,–,–,–,0.24
W,W6X15,W6X15,F,15,4.43,5.99,–,–,–,5.99,–,–,–,0.23,0.26,–,–,–,0.51,–,–,–,–,–,11.5,–,–,21.6,–,–,29.1,10.8,9.72,2.56,9.32,4.75,3.11,1.45,–,–,–,0.101
W,W6X16,W6X16,F,16,4.74,6.28,–,–,–,4.03,–,–,–,0.26,0.405,–,–,–,0.655,–,–,–,–,–,4.98,–,–,19.1,–,–,32.1,11.7,10.2,2.6,4.43,3.39,2.2,0.967,–,–,–,0.223
W,W6X12,W6X12,F,12,3.55,6.03,–,–,–,4,–,–,–,0.23,0.28,–,–,–,0.53,–,–,–,–,–,7.14,–,–,21.6,–,–,22.1,8.3,7.31,2.49,2.99,2.32,1.5,0.918,–,–,–,0.0903
W,W6X9,W6X9,F,9,2.68,5.9,–,–,–,3.94,–,–,–,0.17,0.215,–,–,–,0.465,–,–,–,–,–,9.16,–,–,29.2,–,–,16.4,6.23,5.56,2.47,2.2,1.72,1.11,0.905,–,–,–,0.0405
W,W6X8.5,W6X8.5,F,8.5,2.52,5.83,–,–,–,3.94,–,–,–,0.17,0.195,–,–,–,0.445,–,–,–,–,–,10.1,–,–,29.1,–,–,14.9,5.73,5.1,2.43,1.99,1.56,1.01,0.89,–,–,–,0.0333
W,W5X19,W5X19,F,19,5.56,5.15,–,–,–,5.03,–,–,–,0.27,0.43,–,–,–,0.73,–,–,–,–,–,5.85,–,–,13.7,–,–,26.3,11.6,10.2,2.17,9.13,5.53,3.63,1.28,–,–,–,0.316
W,W5X16,W5X16,F,16,4.71,5.01,–,–,–,5,–,–,–,0.24,0.36,–,–,–,0.66,–,–,–,–,–,6.94,–,–,15.4,–,–,21.4,9.63,8.55,2.13,7.51,4.58,3,1.26,–,–,–,0.192
W,W4X13,W4X13,F,13,3.83,4.16,–,–,–,4.06,–,–,–,0.28,0.345,–,–,–,0.595,–,–,–,–,–,5.88,–,–,10.6,–,–,11.3,6.28,5.46,1.72,3.86,2.92,1.9,1,–,–,–,0.151
